group,acc
large,0.7114055600610828
medium,0.42868316234281856
small,0.4864656177156177
