group,acc
large,0.7633368579347144
medium,0.5770081932279008
small,0.45752233877233883
