metric,value
accuracy,0.7339228295819936
f1,0.5816394410518295
f1 weighted,0.729761741539762
precision,0.6012470321156906
precision weighted,0.7300242307882737
recall,0.572541655278968
recall weighted,0.7339228295819936
