group,acc
large,0.6708062008749666
medium,0.4500731632609501
small,0.46613733488733494
