group,acc
large,0.3559849741386581
medium,0.3968834429568923
small,0.49609071484071493
