metric,value
accuracy,0.342443729903537
f1,0.314228551983455
f1 weighted,0.34322826099179343
precision,0.30996436912182224
precision weighted,0.5101609098549986
recall,0.4280626836768313
recall weighted,0.342443729903537
