group,acc
large,0.5060054302903569
medium,0.6352478296313036
small,0.5675553613053613
