group,acc
large,0.8989475530659271
medium,0.7910847832007221
small,0.5999514374514375
