metric,value
accuracy,0.864951768488746
f1,0.7540563277769481
f1 weighted,0.8621136315673374
precision,0.7870185535077014
precision weighted,0.8647728975790815
recall,0.7380309638926195
recall weighted,0.864951768488746
