metric,value
accuracy,0.48633440514469456
f1,0.440725155120252
f1 weighted,0.467116920127285
precision,0.4436064615915221
precision weighted,0.6726578759025175
recall,0.5760407118624093
recall weighted,0.48633440514469456
