group,acc
large,0.8118356287480146
medium,0.6356729691586103
small,0.5417977855477856
