group,acc
large,0.8776728687148977
medium,0.7652294642515631
small,0.5446726884226885
