group,acc
large,0.6763335548110135
medium,0.43348808844485154
small,0.510173853923854
