group,acc
large,0.7741254079137062
medium,0.4895880454426414
small,0.5175553613053613
