metric,value
accuracy,0.37057877813504825
f1,0.32394795680222027
f1 weighted,0.3936537656379216
precision,0.335568930655829
precision weighted,0.622175368666311
recall,0.4467359194413858
recall weighted,0.37057877813504825
