group,acc
large,0.3639284331853386
medium,0.4083075731735922
small,0.5270639083139084
