group,acc
large,0.741380682049316
medium,0.5206360501118694
small,0.4729506604506604
