metric,value
accuracy,0.704983922829582
f1,0.7157412250587567
f1 weighted,0.6768853845927535
precision,0.7949027192251289
precision weighted,0.8169729354451779
recall,0.7124756103008257
recall weighted,0.704983922829582
