group,acc
large,0.8655555084326451
medium,0.8134887244890446
small,0.5766851204351203
