group,acc
large,0.7499314111609557
medium,0.8438205221529659
small,0.5811722999222999
