group,acc
large,0.8668255131901356
medium,0.8187518823837816
small,0.5697406759906759
