group,acc
large,0.860180024905901
medium,0.8106658809861542
small,0.4994415306915307
