group,acc
large,0.8803316856663359
medium,0.8350881959614747
small,0.6910450660450661
