group,acc
large,0.8734659429741616
medium,0.824917281860807
small,0.6727952602952603
