group,acc
large,0.86851177673665
medium,0.8474661556160434
small,0.6620046620046619
